source	target	strength
1701392Z GR Equity	A	0.08
MKSI US Equity	A	0.26
BHE US Equity	A	0.98
6971 JP Equity	A	0.99
UCTT US Equity	A	0.63
ENTG US Equity	A	0.96
VACN SW Equity	A	0.78
BRKS US Equity	A	0.07
IIVI US Equity	A	0.38
LITE US Equity	A	0.90
7731 JP Equity	A	0.68
PLAB US Equity	A	0.18
ATE FP Equity	A	0.86
0708815D US Equity	A	0.72
1722 TT Equity	A	0.66
2081Z NA Equity	A	0.97
2338 TT Equity	A	0.88
300293 CH Equity	A	0.20
3023 TT Equity	A	0.05
3178 TT Equity	A	0.88
3294Z GR Equity	A	0.70
3680 TT Equity	A	0.98
4172645Z NA Equity	A	0.85
4780Z GR Equity	A	0.26
5607 TT Equity	A	0.52
6196 TT Equity	A	0.48
6954 JP Equity	A	0.88
8109 TT Equity	A	0.28
ES US Equity	A	0.94
IBE SM Equity	A	0.56
ICHR US Equity	A	0.66
MDB US Equity	A	0.11
PCG US Equity	A	0.15
SMCI US Equity	A	0.53
SRE US Equity	A	0.05
FLEX US Equity	B	0.28
CLS CN Equity	B	0.23
UCTT US Equity	B	0.08
ICHR US Equity	B	0.82
MKSI US Equity	B	0.50
AEIS US Equity	B	0.16
VACN SW Equity	B	0.82
BHE US Equity	B	0.20
BRKS US Equity	B	0.40
6323 JP Equity	B	0.75
ENTG US Equity	B	0.29
7705 JP Equity	B	0.44
5217 JP Equity	B	0.78
166090 KS Equity	B	0.31
IIVI US Equity	B	0.94
ROLL US Equity	B	0.01
LFUS US Equity	B	0.53
ONTO US Equity	B	0.22
CYBE US Equity	B	0.01
ZBRA US Equity	B	0.48
PTC US Equity	B	0.66
0206836D US Equity	B	0.90
036530 KS Equity	B	0.62
0545852D US Equity	B	0.21
064960 KS Equity	B	0.11
067310 KS Equity	B	0.49
108230 KS Equity	B	0.20
114810 KS Equity	B	0.24
117730 KS Equity	B	0.86
1513 TT Equity	B	0.51
176560 KS Equity	B	0.17
3178 TT Equity	B	0.38
3413 TT Equity	B	0.33
3551 TT Equity	B	0.93
3756 JP Equity	B	0.37
5403 TT Equity	B	0.45
6196 TT Equity	B	0.91
6507 JP Equity	B	0.41
6667 TT Equity	B	0.35
6890 JP Equity	B	0.72
7748 JP Equity	B	0.42
8091 TT Equity	B	0.49
8383 TT Equity	B	0.90
8995278Z US Equity	B	0.41
BRK/A US Equity	B	0.55
COHR US Equity	B	0.13
COTN SW Equity	B	0.68
ESI FP Equity	B	0.85
LASR US Equity	B	0.99
MRN FP Equity	B	0.36
NG/ LN Equity	B	0.41
NPO US Equity	B	0.51
NVDA US Equity	B	0.21
PCG US Equity	B	0.45
PVS AU Equity	B	0.23
STL LN Equity	B	0.08
TTR1 GR Equity	B	0.83
6501 JP Equity	C	0.77
6622 JP Equity	C	0.44
3374 JP Equity	C	0.93
MKSI US Equity	C	0.11
VACN SW Equity	C	0.18
166090 KS Equity	C	0.67
ENTG US Equity	C	0.49
BRKS US Equity	C	0.04
6918 JP Equity	C	0.81
6264 JP Equity	C	0.56
5217 JP Equity	C	0.58
2760 JP Equity	C	0.73
6258 JP Equity	C	0.67
ONTO US Equity	C	0.60
036090 KS Equity	C	0.41
067310 KS Equity	C	0.30
074600 KS Equity	C	0.06
136510 KS Equity	C	0.64
2163 JP Equity	C	0.56
2458 JP Equity	C	0.76
3433 JP Equity	C	0.13
3602822Z US Equity	C	0.53
4208 JP Equity	C	0.34
6139 TT Equity	C	0.26
6291 JP Equity	C	0.79
6332 JP Equity	C	0.52
6667 TT Equity	C	0.99
6742 JP Equity	C	0.77
9501 JP Equity	C	0.23
9506 JP Equity	C	0.46
9508 JP Equity	C	0.79
9995 JP Equity	C	0.54
AEIS US Equity	C	0.29
ES US Equity	C	0.58
NG/ LN Equity	C	0.66
PVS AU Equity	C	0.11
PXLW US Equity	C	0.26
UTL US Equity	C	0.17
PLXS US Equity	D	0.51
MKSI US Equity	D	0.34
VACN SW Equity	D	0.25
LITE US Equity	D	0.84
BRKS US Equity	D	0.91
CYBE US Equity	D	0.34
IIVI US Equity	D	0.58
VPG US Equity	D	0.25
IPGP US Equity	D	0.85
1612 TT Equity	D	0.17
CTXS US Equity	D	0.88
ES US Equity	D	0.33
KEYS US Equity	D	0.58
MET US Equity	D	0.91
NTAP US Equity	D	0.36
NVDA US Equity	D	0.43
PCG US Equity	D	0.81
PPL US Equity	D	0.93
UCTT US Equity	E	0.22
ICHR US Equity	E	0.18
MKSI US Equity	E	0.12
PLXS US Equity	E	0.73
7012 JP Equity	E	0.36
JBL US Equity	E	0.02
AEIS US Equity	E	0.51
CLS CN Equity	E	0.08
BHE US Equity	E	0.85
BRKS US Equity	E	0.42
ENTG US Equity	E	0.98
VACN SW Equity	E	0.26
NSTG US Equity	E	0.67
SNR LN Equity	E	0.95
6856 JP Equity	E	0.36
166090 KS Equity	E	0.31
ATCOA SS Equity	E	0.13
ONTO US Equity	E	0.84
CYBE US Equity	E	0.39
PTC US Equity	E	0.16
ZBRA US Equity	E	0.44
0063104D US Equity	E	0.47
0206836D US Equity	E	0.91
0381504D US Equity	E	0.14
064760 KS Equity	E	0.51
067310 KS Equity	E	0.96
074600 KS Equity	E	0.74
178320 KS Equity	E	0.79
4042 JP Equity	E	0.02
5332 JP Equity	E	0.44
6667292Z US Equity	E	0.07
9501 JP Equity	E	0.42
9502 JP Equity	E	0.88
9504 JP Equity	E	0.06
9505 JP Equity	E	0.24
9508 JP Equity	E	0.18
FJKINZ JP Equity	E	0.98
FTS CN Equity	E	0.57
IBE SM Equity	E	0.41
IDA US Equity	E	0.73
NG/ LN Equity	E	0.02
PCG US Equity	E	0.66
POR US Equity	E	0.81
PVS AU Equity	E	0.59
RELL US Equity	E	0.09
TEXONZ KS Equity	E	0.43
6490 JP Equity	F	0.00
6645 JP Equity	F	0.70
6594 JP Equity	F	0.90
8140 JP Equity	F	0.91
7510 JP Equity	F	0.11
6856 JP Equity	F	0.14
6258 JP Equity	F	0.35
042380 KF Equity	F	0.02
1248727D JP Equity	F	0.92
1975 JP Equity	F	0.80
2458 JP Equity	F	0.86
4272 JP Equity	F	0.80
4464 JP Equity	F	0.79
4631 JP Equity	F	0.40
4634 JP Equity	F	0.52
5214 JP Equity	F	0.80
5393 JP Equity	F	0.80
6273 JP Equity	F	0.78
6301 JP Equity	F	0.41
6349 JP Equity	F	0.52
6407 JP Equity	F	0.81
6480 JP Equity	F	0.30
6507 JP Equity	F	0.11
6654 JP Equity	F	0.05
6667 TT Equity	F	0.93
6677 JP Equity	F	0.39
7701 JP Equity	F	0.63
7911 JP Equity	F	0.73
8060 JP Equity	F	0.49
8137 JP Equity	F	0.76
8148 JP Equity	F	0.41
9363 JP Equity	F	0.42
9503 JP Equity	F	0.00
9505 JP Equity	F	0.59
9506 JP Equity	F	0.67
9508 JP Equity	F	0.39
ACLS US Equity	F	0.92
PCG US Equity	F	0.89
6762 JP Equity	G	0.82
JBL US Equity	G	0.00
3132 JP Equity	G	0.94
6645 JP Equity	G	0.58
8084 JP Equity	G	0.15
INTT US Equity	G	0.34
8140 JP Equity	G	0.77
6258 JP Equity	G	0.96
073570 KS Equity	G	0.69
092870 KS Equity	G	0.91
9501 JP Equity	G	0.22
9506 JP Equity	G	0.22
9508 JP Equity	G	0.88
9995 JP Equity	G	0.33
MXL US Equity	G	0.39
PCG US Equity	G	0.12
FLEX US Equity	H	0.58
PLXS US Equity	H	0.95
TTMI US Equity	H	0.34
INTT US Equity	H	0.40
131290 KS Equity	H	0.83
VPG US Equity	H	0.30
B US Equity	H	0.16
092870 KS Equity	H	0.98
1827 JP Equity	H	0.93
AES US Equity	H	0.71
CDNS US Equity	H	0.34
EIX US Equity	H	0.53
ES US Equity	H	0.41
EXC US Equity	H	0.32
GVTL SP Equity	H	0.80
NG/ LN Equity	H	0.16
PCG US Equity	H	0.86
UTL US Equity	H	0.41
6971 JP Equity	I	0.31
5802 JP Equity	I	0.26
6258 JP Equity	I	0.22
1952 JP Equity	I	0.88
2233 TT Equity	I	0.22
2524Z GR Equity	I	0.99
6273 JP Equity	I	0.99
6471 JP Equity	I	0.88
8065 JP Equity	I	0.45
9501 JP Equity	I	0.07
9506 JP Equity	I	0.13
9793 JP Equity	I	0.02
9906 JP Equity	I	0.29
PNM US Equity	I	0.05
SRE US Equity	I	0.16
9501 JP Equity	J	0.23
9503 JP Equity	J	0.87
9506 JP Equity	J	0.57
9508 JP Equity	J	0.42
ES US Equity	J	0.36
ETR US Equity	J	0.79
IBE SM Equity	J	0.61
NG/ LN Equity	J	0.45
SRE US Equity	J	0.52
UTL US Equity	J	0.73
XEL US Equity	J	0.62
4063 JP Equity	K	0.80
4366 JP Equity	K	0.12
4217 JP Equity	K	0.39
4202 JP Equity	K	0.83
4114 JP Equity	K	0.10
1871 JP Equity	K	0.94
1965 JP Equity	K	0.40
300429 CH Equity	K	0.22
4004 JP Equity	K	0.23
4021 JP Equity	K	0.81
4027 JP Equity	K	0.19
4041 JP Equity	K	0.72
4045 JP Equity	K	0.14
4115 JP Equity	K	0.54
4187 JP Equity	K	0.36
4189 JP Equity	K	0.64
4229 JP Equity	K	0.66
4249 JP Equity	K	0.73
4409 JP Equity	K	0.03
4471 JP Equity	K	0.32
4970 JP Equity	K	0.85
4972 JP Equity	K	0.24
6376 JP Equity	K	0.73
7731 JP Equity	K	0.08
7911 JP Equity	K	0.26
7912 JP Equity	K	0.05
7976 JP Equity	K	0.96
7994 JP Equity	K	0.65
8103 JP Equity	K	0.42
9062 JP Equity	K	0.94
9501 JP Equity	K	0.56
9506 JP Equity	K	0.83
POR US Equity	K	0.24
PCHEM MK Equity	L	0.55
HPE US Equity	L	0.65
SLB US Equity	L	0.85
AKSO NO Equity	L	0.06
4996 JP Equity	L	0.82
SOLB BB Equity	L	0.33
AI FP Equity	L	0.95
INTC US Equity	L	0.47
MX CN Equity	L	0.80
SDRL US Equity	L	0.85
XPO US Equity	L	0.89
900908 CH Equity	L	0.49
FLOW US Equity	L	0.92
SUBC NO Equity	L	0.81
PTG MK Equity	L	0.04
138490 KS Equity	L	0.76
SMIN LN Equity	L	0.01
ATO FP Equity	L	0.61
BASF IN Equity	L	0.22
CSX US Equity	L	0.31
ABBN SW Equity	L	0.64
KU2 GR Equity	L	0.48
4960 JP Equity	L	0.91
SLCA US Equity	L	0.83
ERF FP Equity	L	0.64
AIR US Equity	L	0.17
TKA GR Equity	L	0.31
TRS US Equity	L	0.57
4114 JP Equity	L	0.66
BEKB BB Equity	L	0.21
RPC LN Equity	L	0.30
SPG SJ Equity	L	0.14
DNOW US Equity	L	0.19
MRC US Equity	L	0.09
CRDA LN Equity	L	0.15
DOV US Equity	L	0.04
CR US Equity	L	0.87
HUN US Equity	L	0.98
HPQ US Equity	L	0.46
HAYN US Equity	L	0.23
NANX US Equity	L	0.30
TREC US Equity	L	0.44
ANA SM Equity	L	0.58
FLS US Equity	L	0.09
1316 TT Equity	L	0.52
093370 KS Equity	L	0.45
LXFR US Equity	L	0.01
HP3 GR Equity	L	0.77
SGL GR Equity	L	0.08
BRKS US Equity	L	0.73
TUB SM Equity	L	0.85
FLR US Equity	L	0.47
BAK MK Equity	L	0.48
IMI LN Equity	L	0.76
900909 CH Equity	L	0.84
002341 CH Equity	L	0.44
FERR AR Equity	L	0.22
RDC US Equity	L	0.06
000880 KS Equity	L	0.92
002004 CH Equity	L	0.06
002099 CH Equity	L	0.30
002258 CH Equity	L	0.26
002318 CH Equity	L	0.47
002326 CH Equity	L	0.59
002443 CH Equity	L	0.31
002455 CH Equity	L	0.39
002496 CH Equity	L	0.68
002738 CH Equity	L	0.75
002802 CH Equity	L	0.36
002809 CH Equity	L	0.89
004430 KS Equity	L	0.64
006360 KS Equity	L	0.38
009830 KS Equity	L	0.74
014130 KS Equity	L	0.14
014190 KS Equity	L	0.78
033310 KS Equity	L	0.51
0408962Z US Equity	L	0.07
069260 KS Equity	L	0.25
094820 KS Equity	L	0.11
120240 KS Equity	L	0.02
1447 TT Equity	L	0.97
1585073D US Equity	L	0.43
1643322D NO Equity	L	0.55
171090 KS Equity	L	0.73
1727 TT Equity	L	0.91
1COV GR Equity	L	0.34
2269 JP Equity	L	0.84
300107 CH Equity	L	0.04
300145 CH Equity	L	0.92
300445 CH Equity	L	0.18
300596 CH Equity	L	0.71
300721 CH Equity	L	0.57
4023 JP Equity	L	0.63
4306 TT Equity	L	0.14
4612 JP Equity	L	0.18
4714 TT Equity	L	0.79
4BSB GR Equity	L	0.35
600160 CH Equity	L	0.14
600228 CH Equity	L	0.54
600273 CH Equity	L	0.49
600662 CH Equity	L	0.19
600810 CH Equity	L	0.94
603010 CH Equity	L	0.98
603086 CH Equity	L	0.85
603181 CH Equity	L	0.66
603269 CH Equity	L	0.82
603878 CH Equity	L	0.26
6667 TT Equity	L	0.86
8441674Z US Equity	L	0.86
900912 CH Equity	L	0.73
906 HK Equity	L	0.63
9501 JP Equity	L	0.59
9503 JP Equity	L	1.00
9508 JP Equity	L	0.78
9933 TT Equity	L	0.02
ACS PW Equity	L	0.71
AEIN GR Equity	L	0.76
AES US Equity	L	0.97
ALCUR FP Equity	L	0.43
AMNL US Equity	L	0.06
ARCAD NA Equity	L	0.74
ARTO IN Equity	L	0.58
ASAH IN Equity	L	0.25
ASPN US Equity	L	0.80
AVV LN Equity	L	0.49
BCHN SW Equity	L	0.90
BNN GR Equity	L	0.54
BW US Equity	L	0.40
CAI US Equity	L	0.08
CCC LN Equity	L	0.33
CCL/B CN Equity	L	0.64
CDXI US Equity	L	0.47
CFIN IN Equity	L	0.69
CNP US Equity	L	0.34
CNR CN Equity	L	0.96
CON GR Equity	L	0.77
CRL US Equity	L	0.75
D US Equity	L	0.38
DN IN Equity	L	0.25
DSG CN Equity	L	0.18
DTE US Equity	L	0.88
DUE GR Equity	L	0.85
DUK US Equity	L	0.69
DXC US Equity	L	0.31
EASON TB Equity	L	0.21
ED US Equity	L	0.60
EOS FP Equity	L	0.18
EQS GR Equity	L	0.14
ETR US Equity	L	0.26
ETWA IJ Equity	L	0.35
EVGN IT Equity	L	0.65
EXC US Equity	L	0.01
EXSY IM Equity	L	0.67
F2Y GR Equity	L	0.78
FAIRCHEM IN Equity	L	0.79
FE US Equity	L	0.15
FTS CN Equity	L	0.87
GAZP RM Equity	L	0.30
GBF GR Equity	L	0.09
GE US Equity	L	0.41
GEA FP Equity	L	0.43
GENO US Equity	L	0.22
GMKN RM Equity	L	0.56
HOLI US Equity	L	0.34
IGP LN Equity	L	0.44
III US Equity	L	0.14
IPL CN Equity	L	0.42
IT US Equity	L	0.05
KXS CN Equity	L	0.32
LMI LN Equity	L	0.91
LT IN Equity	L	0.07
MRN FP Equity	L	0.91
MSFT US Equity	L	0.06
MSR US Equity	L	0.57
MUM GR Equity	L	0.65
NEO CN Equity	L	0.68
NFIL IN Equity	L	0.92
NGVT US Equity	L	0.05
NPO US Equity	L	0.66
NVGS US Equity	L	0.68
NXEO US Equity	L	0.79
ODF NO Equity	L	0.32
ODL NO Equity	L	0.35
OTE IN Equity	L	0.07
PCG US Equity	L	0.16
PEG US Equity	L	0.96
PNM US Equity	L	0.72
POR US Equity	L	0.78
PPL US Equity	L	0.74
PQG US Equity	L	0.98
PROAC FP Equity	L	0.82
PWR US Equity	L	0.28
RBOS GR Equity	L	0.79
RGP US Equity	L	0.90
SAP GR Equity	L	0.68
SAPE MK Equity	L	0.97
SDMU IJ Equity	L	0.35
SEV FP Equity	L	0.83
SHA GR Equity	L	0.97
SKG ID Equity	L	0.66
SNCR US Equity	L	0.93
SO US Equity	L	0.25
SPE LN Equity	L	0.24
SPIE FP Equity	L	0.15
SPM IM Equity	L	0.83
SPWG SP Equity	L	0.71
SSW SJ Equity	L	0.58
TCL/A CN Equity	L	0.35
THTI US Equity	L	0.66
TISI US Equity	L	0.11
TORM US Equity	L	0.15
TOUP FP Equity	L	0.20
TTR1 GR Equity	L	0.14
UNACEMC1 PE Equity	L	0.90
VEEV US Equity	L	0.42
VNP CN Equity	L	0.92
VNTR US Equity	L	0.54
WDI GR Equity	L	0.98
WLL AU Equity	L	0.08
WOR AU Equity	L	0.43
ZIL2 GR Equity	L	0.76
OLN US Equity	M	0.31
ENLC US Equity	M	0.93
AKZA NA Equity	M	0.64
TSE US Equity	M	0.26
GBF GR Equity	M	0.33
TPIA IJ Equity	M	0.91
BEKB BB Equity	M	0.59
SOLB BB Equity	M	0.06
EPD US Equity	M	0.56
NSC US Equity	M	0.65
CMIG4 BZ Equity	M	0.51
CNR CN Equity	M	0.69
ASIX US Equity	M	0.52
BERY US Equity	M	0.22
IBM US Equity	M	0.72
PQG US Equity	M	0.24
SMIN LN Equity	M	0.72
600141 CH Equity	M	0.90
LNZ AV Equity	M	0.50
1409 TT Equity	M	0.34
MDRIQ US Equity	M	0.64
FF US Equity	M	0.76
004430 KS Equity	M	0.18
EXTR US Equity	M	0.79
MX CN Equity	M	0.91
600352 CH Equity	M	0.14
BRKS US Equity	M	0.10
FLOW US Equity	M	0.84
ACETQ US Equity	M	0.86
000973 CH Equity	M	0.07
600810 CH Equity	M	0.98
002741 CH Equity	M	0.24
ESOA US Equity	M	0.53
LXU US Equity	M	0.15
SLCA US Equity	M	0.81
ARTO IN Equity	M	0.18
TRS US Equity	M	0.93
CMCO US Equity	M	0.73
SPWG SP Equity	M	0.33
PRGS US Equity	M	0.23
AIXA GR Equity	M	0.77
ABBN SW Equity	M	0.29
CIR US Equity	M	0.35
CLMT US Equity	M	0.77
096530 KS Equity	M	0.58
KBR US Equity	M	0.42
CSX US Equity	M	0.55
TDY US Equity	M	0.12
DOV US Equity	M	0.69
002318 CH Equity	M	0.43
MXL US Equity	M	0.14
TREC US Equity	M	0.87
603010 CH Equity	M	0.84
AI FP Equity	M	0.14
HAYN US Equity	M	0.82
KSU US Equity	M	0.23
NFIL IN Equity	M	0.72
VPG US Equity	M	0.62
BLTA IJ Equity	M	0.39
FLS US Equity	M	0.45
DNOW US Equity	M	0.62
TRNS US Equity	M	0.76
AMG NA Equity	M	0.50
105740 KS Equity	M	0.95
603722 CH Equity	M	0.11
002455 CH Equity	M	0.85
ZBRA US Equity	M	0.42
OLED US Equity	M	0.95
BOOM US Equity	M	0.67
BDC US Equity	M	0.94
EVGN IT Equity	M	0.67
REFR US Equity	M	0.64
NANO LN Equity	M	0.35
002004 CH Equity	M	0.84
002026 CH Equity	M	0.53
002258 CH Equity	M	0.80
002445 CH Equity	M	0.81
002738 CH Equity	M	0.55
002778 CH Equity	M	0.62
002802 CH Equity	M	0.77
010950 KS Equity	M	0.63
015590 KS Equity	M	0.44
023960 KS Equity	M	0.88
028050 KS Equity	M	0.47
048550 KS Equity	M	0.45
067770 KS Equity	M	0.55
171090 KS Equity	M	0.02
185731Z US Equity	M	0.28
1909 TT Equity	M	0.57
2269 JP Equity	M	0.17
2280 HK Equity	M	0.23
300261 CH Equity	M	0.43
300402 CH Equity	M	0.73
300596 CH Equity	M	0.00
3402 JP Equity	M	0.72
3430 TT Equity	M	0.22
3551 TT Equity	M	0.04
3576 TT Equity	M	0.88
600500 CH Equity	M	0.83
600636 CH Equity	M	0.69
603002 CH Equity	M	0.87
603360 CH Equity	M	0.32
603599 CH Equity	M	0.10
8367 TT Equity	M	0.12
8441674Z US Equity	M	0.04
900909 CH Equity	M	0.53
9501 JP Equity	M	0.69
9502 JP Equity	M	0.97
9504 JP Equity	M	0.39
9505 JP Equity	M	0.69
9506 JP Equity	M	0.63
ACRO SP Equity	M	0.26
AEE US Equity	M	1.00
AEP US Equity	M	0.34
AES US Equity	M	0.68
ALMAK FP Equity	M	0.27
AMSWA US Equity	M	0.82
ARII US Equity	M	0.74
AVTX NA Equity	M	0.39
BAYN GR Equity	M	0.52
BNN GR Equity	M	0.53
BRK/A US Equity	M	0.23
BRNA IJ Equity	M	0.95
CBI US Equity	M	0.09
CCL/B CN Equity	M	0.32
CFIN IN Equity	M	0.44
CMS US Equity	M	0.70
CNP US Equity	M	0.20
CPN US Equity	M	0.82
CRL US Equity	M	0.60
CWX CN Equity	M	0.16
D US Equity	M	0.21
DTE US Equity	M	0.90
DUE GR Equity	M	0.42
DUK US Equity	M	0.86
ECOL US Equity	M	0.51
EFII US Equity	M	0.34
EIX US Equity	M	0.05
ENLK US Equity	M	0.20
EOS FP Equity	M	0.29
ETR US Equity	M	0.10
EVRG US Equity	M	0.89
EXC US Equity	M	0.14
FE US Equity	M	0.86
FTS CN Equity	M	0.38
GMEXICOB MM Equity	M	0.92
GSM US Equity	M	0.85
GWR US Equity	M	0.83
HAWK US Equity	M	0.86
HCHC US Equity	M	0.86
HE US Equity	M	0.47
HYNG SP Equity	M	0.22
IBE SM Equity	M	0.32
KCT LN Equity	M	0.95
KZHB RU Equity	M	0.59
LAKE US Equity	M	0.41
LNT US Equity	M	0.06
LQDT US Equity	M	0.80
LWLG US Equity	M	0.30
MEGH IN Equity	M	0.81
MGEE US Equity	M	0.82
MRC US Equity	M	0.49
MRN FP Equity	M	0.92
MSR US Equity	M	0.30
MUIL IN Equity	M	0.43
NEE US Equity	M	0.46
NG/ LN Equity	M	0.25
NI US Equity	M	0.03
NVGS US Equity	M	0.39
OCIP US Equity	M	0.98
ODF NO Equity	M	0.05
OTTR US Equity	M	0.48
PCG US Equity	M	0.88
PEG US Equity	M	0.10
PNM US Equity	M	0.74
PPL US Equity	M	0.44
PS4 GR Equity	M	0.07
PWR US Equity	M	0.01
SANW US Equity	M	0.30
SHF GR Equity	M	0.22
SO US Equity	M	0.52
SPIE FP Equity	M	0.21
SVLS IN Equity	M	0.55
TISI US Equity	M	0.14
UNIP IN Equity	M	0.82
UNP US Equity	M	0.87
UTL US Equity	M	0.39
VNP CN Equity	M	0.72
WDAY US Equity	M	0.49
WG/ LN Equity	M	0.53
WOR AU Equity	M	0.95
WPP LN Equity	M	0.30
XEL US Equity	M	0.45
004800 KS Equity	N	0.65
089790 KS Equity	N	0.79
1344710D US Equity	N	0.03
3763692Z US Equity	N	0.02
6667 TT Equity	N	0.04
AEP US Equity	N	0.32
AES US Equity	N	0.86
DUK US Equity	N	0.28
PNM US Equity	N	0.13
PPL US Equity	N	0.07
SRE US Equity	N	0.50
7927553Z JP Equity	O	0.67
4183 JP Equity	O	0.03
4042 JP Equity	O	0.50
4005 JP Equity	O	0.76
4004 JP Equity	O	0.62
4187 JP Equity	O	0.06
011780 KS Equity	O	0.86
4044 JP Equity	O	0.46
4409 JP Equity	O	0.62
4968 JP Equity	O	0.54
4114 JP Equity	O	0.47
4557 JP Equity	O	0.26
033640 KS Equity	O	0.88
4202 JP Equity	O	0.32
007820 KS Equity	O	0.11
086280 KS Equity	O	0.54
300429 CH Equity	O	0.18
4188 JP Equity	O	0.08
4231 JP Equity	O	0.02
4636 JP Equity	O	0.56
4970 JP Equity	O	0.79
5019 JP Equity	O	0.14
6505 TT Equity	O	0.62
6841 JP Equity	O	0.88
6925 JP Equity	O	0.97
8001 JP Equity	O	0.76
8002 JP Equity	O	0.25
8098 JP Equity	O	0.79
9501 JP Equity	O	0.40
9502 JP Equity	O	0.41
9503 JP Equity	O	0.15
9508 JP Equity	O	0.87
BE US Equity	O	0.21
BLFS US Equity	O	0.30
BVG VN Equity	O	0.86
DUK US Equity	O	0.50
LGND US Equity	O	0.19
PCG US Equity	O	0.58
BABA US Equity	P	0.32
494 HK Equity	P	0.75
IBM US Equity	P	0.48
CTSH US Equity	P	0.60
PPG US Equity	P	0.17
CMCO US Equity	P	0.45
NNBR US Equity	P	0.94
ADBE US Equity	P	0.04
6258 JP Equity	P	0.06
PTC US Equity	P	0.96
BELFA US Equity	P	0.71
TRELB SS Equity	P	0.91
TDC US Equity	P	0.44
CIR US Equity	P	0.76
CPS US Equity	P	0.53
LXFR US Equity	P	0.11
VIAV US Equity	P	0.72
ZBRA US Equity	P	0.90
TREC US Equity	P	0.53
NXS AU Equity	P	0.38
ACETQ US Equity	P	0.50
SPG SJ Equity	P	0.26
WNDT IN Equity	P	0.86
KOPN US Equity	P	0.62
LFUS US Equity	P	0.68
HIMX US Equity	P	0.85
VJET US Equity	P	0.26
AIN US Equity	P	0.01
002551 CH Equity	P	0.56
002815 CH Equity	P	0.61
002825 CH Equity	P	0.01
0120522D US Equity	P	0.40
030000 KS Equity	P	0.49
0408962Z US Equity	P	0.16
065160 KS Equity	P	0.42
065950 KS Equity	P	0.29
092070 KS Equity	P	0.30
111110 KS Equity	P	0.23
123330 KS Equity	P	0.99
1323 TT Equity	P	0.56
137400 KS Equity	P	0.43
171090 KS Equity	P	0.53
1715 TT Equity	P	0.94
1815 TT Equity	P	0.74
1COV GR Equity	P	0.96
224020 KS Equity	P	0.18
2283 HK Equity	P	0.38
241510 KS Equity	P	0.73
300071 CH Equity	P	0.33
300512 CH Equity	P	0.85
300548 CH Equity	P	0.81
3430 TT Equity	P	0.56
4063 JP Equity	P	0.88
4114 JP Equity	P	0.37
4161 TT Equity	P	0.92
4306 TT Equity	P	0.64
5432 TT Equity	P	0.37
6201 TT Equity	P	0.32
6697 TT Equity	P	0.81
6727 TT Equity	P	0.42
779852Z US Equity	P	0.53
8416 TT Equity	P	1.00
8441674Z US Equity	P	0.25
8454 TT Equity	P	0.89
900070 KS Equity	P	0.71
9506 JP Equity	P	0.42
9984 JP Equity	P	0.76
AEE US Equity	P	0.56
AEI AU Equity	P	0.18
AEP US Equity	P	0.66
AES US Equity	P	0.75
ALESK FP Equity	P	0.07
AMSWA US Equity	P	0.77
AMZN US Equity	P	0.70
AQN CN Equity	P	0.66
ARMK US Equity	P	0.02
ARTO IN Equity	P	0.92
BLDP CN Equity	P	0.06
BRK/A US Equity	P	0.72
CECE US Equity	P	0.39
CNP US Equity	P	0.85
CTXS US Equity	P	0.96
D US Equity	P	0.38
DEC FP Equity	P	0.33
DTE US Equity	P	0.13
DUE GR Equity	P	0.07
DUK US Equity	P	0.77
EFII US Equity	P	0.00
EIX US Equity	P	0.92
ELTZ RM Equity	P	0.76
EMA CN Equity	P	0.28
EQN LN Equity	P	0.31
ES US Equity	P	0.44
ETR US Equity	P	0.08
EVRG US Equity	P	0.34
EXC US Equity	P	0.80
F2Y GR Equity	P	0.48
FE US Equity	P	0.33
GIMO US Equity	P	0.97
HAWK US Equity	P	0.56
HF FP Equity	P	0.36
IPAS US Equity	P	0.19
IQV US Equity	P	0.61
IT US Equity	P	0.74
IVL TB Equity	P	0.85
JWNG LN Equity	P	0.05
KEY FP Equity	P	0.34
LNT US Equity	P	0.81
LWLG US Equity	P	0.70
MATW US Equity	P	0.88
MDU US Equity	P	0.69
MRK GR Equity	P	0.49
NG/ LN Equity	P	0.28
NI US Equity	P	0.78
NVX AU Equity	P	0.63
NWE US Equity	P	0.62
OTTR US Equity	P	0.44
PEG US Equity	P	0.29
PNM US Equity	P	0.85
PPL US Equity	P	0.83
PQG US Equity	P	0.79
PRLB US Equity	P	0.29
PUB FP Equity	P	0.56
PWFL US Equity	P	0.35
RCMT US Equity	P	0.74
SGI AU Equity	P	0.29
SO US Equity	P	0.65
SRE US Equity	P	0.08
TCS CN Equity	P	0.33
THIN NO Equity	P	0.15
UTL US Equity	P	0.13
VITRO MK Equity	P	0.19
WEC US Equity	P	0.37
WPP LN Equity	P	0.41
XEL US Equity	P	0.36
9104 JP Equity	Q	0.44
CBT US Equity	Q	0.18
VRSK US Equity	Q	0.20
600583 CH Equity	Q	0.35
9501 JP Equity	Q	0.85
9502 JP Equity	Q	0.37
BKH US Equity	Q	0.17
CNP US Equity	Q	0.09
ETR US Equity	Q	0.50
EXC US Equity	Q	0.78
IBE SM Equity	Q	0.10
PCG US Equity	Q	0.19
POR US Equity	Q	0.50
SO US Equity	Q	0.40
WEC US Equity	Q	0.18
8098 JP Equity	R	0.14
9104 JP Equity	R	0.55
4221 JP Equity	R	0.77
097780 KS Equity	R	0.37
NUF AU Equity	R	0.85
4113 JP Equity	R	0.45
4615 JP Equity	R	0.88
4366 JP Equity	R	0.32
4706 TT Equity	R	0.81
4531 JP Equity	R	0.18
4367 JP Equity	R	0.39
4114 JP Equity	R	0.09
4690 JP Equity	R	0.76
CRL US Equity	R	0.08
VECO US Equity	R	0.48
VRSK US Equity	R	0.44
PETROR AB Equity	R	0.87
SPM IM Equity	R	0.49
007590 KS Equity	R	0.01
6258 JP Equity	R	0.95
OLED US Equity	R	0.10
AIXA GR Equity	R	0.55
4995 JP Equity	R	0.00
002099 CH Equity	R	0.37
002326 CH Equity	R	0.83
004430 KS Equity	R	0.38
011930 KS Equity	R	0.42
0128974D US Equity	R	0.92
014680 KS Equity	R	0.83
016250 KS Equity	R	0.50
030530 KS Equity	R	0.99
067280 KS Equity	R	0.08
083500 KS Equity	R	0.84
089010 KS Equity	R	0.56
104830 KS Equity	R	0.96
171090 KS Equity	R	0.62
1821 JP Equity	R	0.61
1911 JP Equity	R	0.83
1963 JP Equity	R	0.86
1966 JP Equity	R	0.66
1976 JP Equity	R	0.25
2176 JP Equity	R	0.58
2221 TT Equity	R	0.95
278280 KS Equity	R	0.98
300429 CH Equity	R	0.09
300596 CH Equity	R	0.09
322180 KS Equity	R	0.99
3405 JP Equity	R	0.88
3913940Z US Equity	R	0.04
4008 JP Equity	R	0.12
4045 JP Equity	R	0.73
4063 JP Equity	R	0.32
4120 JP Equity	R	0.35
4231 JP Equity	R	0.69
4502 JP Equity	R	0.61
4592 JP Equity	R	0.19
4771353Z PL Equity	R	0.90
4952 JP Equity	R	0.29
4992 JP Equity	R	0.36
5017 JP Equity	R	0.44
5019 JP Equity	R	0.90
5609 TT Equity	R	0.72
5713 JP Equity	R	0.22
603077 CH Equity	R	0.38
603086 CH Equity	R	0.52
6302 JP Equity	R	0.61
6347 JP Equity	R	0.57
6367 JP Equity	R	0.20
6387 JP Equity	R	0.17
6508 JP Equity	R	0.26
7701 JP Equity	R	0.96
7781824Z JP Equity	R	0.79
7966 JP Equity	R	0.40
8070 JP Equity	R	0.80
8158 JP Equity	R	0.53
9062 JP Equity	R	0.90
9303 JP Equity	R	0.86
9361 JP Equity	R	0.17
9501 JP Equity	R	0.27
9502 JP Equity	R	0.64
9503 JP Equity	R	0.47
9504 JP Equity	R	0.47
9506 JP Equity	R	0.11
9507 JP Equity	R	0.02
9508 JP Equity	R	0.36
9509 JP Equity	R	0.49
ALM SM Equity	R	0.52
AZN LN Equity	R	0.97
BMY US Equity	R	0.05
DYMC SP Equity	R	0.98
EXC US Equity	R	0.98
EXCC IN Equity	R	0.47
ICPT US Equity	R	0.08
NBIX US Equity	R	0.58
NG/ LN Equity	R	0.55
PFE US Equity	R	0.51
POXEL FP Equity	R	0.72
SAN FP Equity	R	0.90
SAP GR Equity	R	0.84
SO US Equity	R	0.67
URRM RU Equity	R	0.87
UTL US Equity	R	0.91
XEL US Equity	R	0.50
7743 JP Equity	S	0.61
PLXS US Equity	S	0.11
6501 JP Equity	S	0.15
4063 JP Equity	S	0.38
8140 JP Equity	S	0.15
032940 KS Equity	S	0.83
2380 TT Equity	S	0.66
3402 TT Equity	S	0.74
3637 TT Equity	S	0.62
3841 JP Equity	S	0.80
4183 JP Equity	S	0.19
4631 JP Equity	S	0.91
6734 JP Equity	S	0.88
7402 TT Equity	S	0.16
7591 JP Equity	S	0.33
7777 JP Equity	S	0.75
9501 JP Equity	S	0.92
9506 JP Equity	S	0.72
9508 JP Equity	S	0.48
AEE US Equity	S	0.63
AES US Equity	S	0.17
CREO LN Equity	S	0.15
DUK US Equity	S	0.65
ED US Equity	S	0.18
EIX US Equity	S	0.23
ES US Equity	S	0.56
ETR US Equity	S	0.85
EXC US Equity	S	0.10
FE US Equity	S	0.04
IBE SM Equity	S	0.74
MYCR SS Equity	S	0.11
NG/ LN Equity	S	0.39
PEG US Equity	S	0.88
PNM US Equity	S	0.38
POR US Equity	S	0.97
SO US Equity	S	0.31
SRE US Equity	S	0.48
VECO US Equity	S	0.24
UCTT US Equity	T	0.87
PLXS US Equity	T	0.34
BHE US Equity	T	0.11
VACN SW Equity	T	0.11
BRKS US Equity	T	0.81
ENTG US Equity	T	0.15
227950 KS Equity	T	0.01
025100 KF Equity	T	0.64
074600 KS Equity	T	0.24
4369 JP Equity	T	0.66
9501 JP Equity	T	0.30
9506 JP Equity	T	0.57
PNM US Equity	T	0.03
SRE US Equity	T	0.89
6501 JP Equity	U	0.62
6330 JP Equity	U	0.92
4992 JP Equity	U	0.79
8155 JP Equity	U	0.62
MDRIQ US Equity	U	0.22
4114 JP Equity	U	0.32
2340 TT Equity	U	0.31
5434 TT Equity	U	0.63
CR US Equity	U	0.19
AIXA GR Equity	U	0.85
CSX US Equity	U	0.45
ONTO US Equity	U	0.66
4202 JP Equity	U	0.24
AKZA NA Equity	U	0.16
SOI FP Equity	U	0.22
014190 KS Equity	U	0.45
1860 JP Equity	U	0.18
3106 JP Equity	U	0.74
4021 JP Equity	U	0.08
4043 JP Equity	U	0.30
4062 JP Equity	U	0.97
4088 JP Equity	U	0.81
4091 JP Equity	U	0.43
4187 JP Equity	U	0.08
4231 JP Equity	U	0.09
4272 JP Equity	U	0.65
4403 JP Equity	U	0.43
4545 TT Equity	U	0.04
4970 JP Equity	U	0.78
5367 JP Equity	U	0.69
603688 CH Equity	U	0.42
6248 JP Equity	U	0.85
6347 JP Equity	U	0.76
6370 JP Equity	U	0.05
6396 JP Equity	U	0.39
6504 JP Equity	U	0.96
6920 JP Equity	U	0.84
7203 JP Equity	U	0.07
7240 JP Equity	U	0.87
7911 JP Equity	U	0.22
7970 JP Equity	U	0.70
8058 JP Equity	U	0.32
8103 JP Equity	U	0.28
8802 JP Equity	U	0.68
9301 JP Equity	U	0.20
9501 JP Equity	U	0.43
9502 JP Equity	U	0.61
9503 JP Equity	U	0.29
9504 JP Equity	U	0.18
9505 JP Equity	U	0.98
9506 JP Equity	U	0.57
BP/ LN Equity	U	0.45
CNP US Equity	U	0.61
EPD US Equity	U	0.70
ETR US Equity	U	0.06
FE US Equity	U	0.03
GSM US Equity	U	0.72
HXG AU Equity	U	0.43
MPMQ US Equity	U	0.86
NSC US Equity	U	0.91
RYAM US Equity	U	0.38
WOR AU Equity	U	0.86
5711 JP Equity	V	0.66
3532 TT Equity	V	0.76
5726 JP Equity	V	0.77
4238 JP Equity	V	0.67
ONTO US Equity	V	0.49
060310 KS Equity	V	0.88
1945 JP Equity	V	0.59
1961 JP Equity	V	0.62
4021 JP Equity	V	0.36
6131 JP Equity	V	0.29
6254 JP Equity	V	0.39
6383 JP Equity	V	0.18
9501 JP Equity	V	0.53
9506 JP Equity	V	0.97
9508 JP Equity	V	0.63
9509 JP Equity	V	0.57
WCH GR Equity	W	0.04
6258 JP Equity	W	0.14
ONTO US Equity	W	0.07
060310 KS Equity	W	0.67
1081778Z LN Equity	W	0.98
5384 JP Equity	W	0.75
7052741Z GR Equity	W	0.44
7816409Z JP Equity	W	0.36
7970 JP Equity	W	0.48
POR US Equity	W	0.90
5483 TT Equity	X	0.24
APD US Equity	X	0.16
ONTO US Equity	X	0.98
4944 TT Equity	X	0.96
6301 JP Equity	X	0.17
8255 TT Equity	X	0.48
9504 JP Equity	X	0.09
GTAT US Equity	X	0.40
PNM US Equity	X	0.90
SRE US Equity	X	0.78
001120 KS Equity	Y	0.46
003550 KS Equity	Y	0.23
032640 KS Equity	Y	0.58
051910 KS Equity	Y	0.05
066570 KS Equity	Y	0.20
A	2330 TT Equity	0.68
A	005930 KS Equity	0.59
A	INTC US Equity	0.16
A	000660 KS Equity	0.17
A	MU US Equity	0.25
A	SHUHGZ CH Equity	0.47
A	2303 TT Equity	0.35
A	6758 JP Equity	0.80
A	981 HK Equity	0.89
A	2408 TT Equity	0.95
A	6502 JP Equity	0.41
A	3033525Z US Equity	0.87
A	5346 TT Equity	0.68
B	2330 TT Equity	0.82
B	005930 KS Equity	0.08
B	INTC US Equity	0.41
B	6502 JP Equity	0.52
B	000660 KS Equity	0.22
B	MU US Equity	0.43
B	JKS US Equity	0.26
B	2408 TT Equity	0.43
B	067310 KS Equity	0.16
B	079950 KS Equity	0.01
B	000536 CH Equity	0.93
B	8091 TT Equity	0.23
B	AIR FP Equity	0.46
B	BA US Equity	0.31
B	IBM US Equity	0.69
B	SPR US Equity	0.12
C	INTC US Equity	0.37
C	005930 KS Equity	0.58
C	000660 KS Equity	0.33
C	MU US Equity	0.95
C	2330 TT Equity	0.84
C	TXN US Equity	0.92
C	2303 TT Equity	0.46
C	2408 TT Equity	0.68
C	3374 JP Equity	0.07
C	3528 TT Equity	0.35
C	3711 TT Equity	0.90
C	6264 JP Equity	0.28
C	7637 JP Equity	0.35
C	ADI US Equity	0.05
C	IBM US Equity	0.54
C	QCOM US Equity	0.27
D	2330 TT Equity	0.19
D	000660 KS Equity	0.63
D	INTC US Equity	0.26
D	005930 KS Equity	0.64
D	MU US Equity	0.15
D	981 HK Equity	0.05
D	2303 TT Equity	0.66
D	8155 JP Equity	0.03
D	6502 JP Equity	0.78
D	3583 TT Equity	0.17
D	1612 TT Equity	0.62
D	CTXS US Equity	0.14
D	KEYS US Equity	0.45
D	MET US Equity	0.15
D	NTAP US Equity	0.58
E	005930 KS Equity	0.69
E	000660 KS Equity	0.34
E	MU US Equity	0.45
E	INTC US Equity	0.20
E	2330 TT Equity	0.46
E	981 HK Equity	0.07
E	2303 TT Equity	0.31
E	2408 TT Equity	0.57
E	6502 JP Equity	0.96
E	1577197D CH Equity	0.36
E	3711 TT Equity	0.61
E	6298 JP Equity	0.09
E	CDW US Equity	0.98
F	2330 TT Equity	0.15
F	INTC US Equity	0.29
F	000660 KS Equity	0.28
F	6981 JP Equity	0.60
F	6758 JP Equity	0.43
F	6740 JP Equity	0.14
F	7911 JP Equity	0.58
F	4901 JP Equity	0.17
F	7912 JP Equity	0.32
F	6724 JP Equity	0.36
F	TXN US Equity	0.56
F	2303 TT Equity	0.41
F	7915 JP Equity	0.40
F	6594 JP Equity	0.79
F	4902 JP Equity	0.44
F	3951 JP Equity	0.26
F	7731 JP Equity	0.62
F	6645 JP Equity	0.35
F	7914 JP Equity	0.55
F	7701 JP Equity	0.48
F	6856 JP Equity	0.97
F	6349 JP Equity	0.76
F	7916 JP Equity	0.33
F	042380 KF Equity	0.31
F	3115 TT Equity	0.18
F	3864 JP Equity	0.39
F	4631 JP Equity	0.54
F	4634 JP Equity	0.57
F	6674 JP Equity	0.06
F	6677 JP Equity	0.64
F	6837 JP Equity	0.34
F	7838 JP Equity	0.47
F	7863 JP Equity	0.25
F	7870 JP Equity	0.77
F	7875 JP Equity	0.05
F	7883 JP Equity	0.72
F	7901 JP Equity	0.53
F	7913 JP Equity	0.71
F	7987 JP Equity	0.37
F	8060 JP Equity	0.58
F	MKRO RU Equity	0.18
G	005930 KS Equity	0.26
G	INTC US Equity	0.95
G	MU US Equity	0.00
G	3711 TT Equity	0.04
G	AMKR US Equity	0.44
G	2449 TT Equity	0.25
G	6239 TT Equity	0.97
G	WDC US Equity	0.46
G	002156 CH Equity	0.04
G	8150 TT Equity	0.74
G	AMD US Equity	0.02
G	XLNX US Equity	0.37
G	CY US Equity	0.04
G	7912 JP Equity	0.13
G	6510 TT Equity	0.01
G	601231 CH Equity	0.81
G	3055 TT Equity	0.86
G	6384 JP Equity	0.05
G	9995 JP Equity	0.87
G	QCOM US Equity	0.31
G	RBOS GR Equity	0.94
H	KMCACZ CH Equity	0.86
H	2330 TT Equity	0.35
H	005930 KS Equity	0.46
H	INTC US Equity	0.89
H	MU US Equity	0.81
H	3711 TT Equity	0.37
H	QCOM US Equity	0.11
H	WDC US Equity	0.85
H	STX US Equity	0.24
H	7201 JP Equity	0.84
H	TXN US Equity	0.82
H	NXPI US Equity	0.69
H	LMT US Equity	0.06
H	AAPL US Equity	0.79
H	AVGO US Equity	0.92
H	STM IM Equity	0.92
H	AMKR US Equity	0.76
H	SIE GR Equity	0.91
H	2454 TT Equity	0.64
H	2449 TT Equity	0.00
H	CON GR Equity	0.45
H	8150 TT Equity	0.10
H	ADI US Equity	0.71
H	2359 TT Equity	0.09
H	LEA US Equity	0.91
H	CY US Equity	0.83
H	MCHP US Equity	0.39
H	3264 TT Equity	0.51
H	MRVL US Equity	0.69
H	042380 KF Equity	0.81
H	SLAB US Equity	0.77
H	TRELB SS Equity	0.12
H	DEMANT DC Equity	0.59
H	MXL US Equity	0.38
H	TXT US Equity	0.42
H	DLG GR Equity	0.78
H	BJAUT IN Equity	0.64
H	9934 JP Equity	0.86
H	ON US Equity	0.56
H	STG DC Equity	0.65
H	MKRS US Equity	0.26
H	0116572D US Equity	0.90
H	0242416Z US Equity	0.80
H	0329842Z US Equity	1.00
H	0603190D FP Equity	0.66
H	0603767D US Equity	0.67
H	0709699D US Equity	0.15
H	0833879D US Equity	0.92
H	1174696D GR Equity	0.27
H	1288440D NZ Equity	0.32
H	1324656D NZ Equity	0.03
H	2833892Z NO Equity	0.13
H	29638Z US Equity	0.99
H	3352Z US Equity	0.28
H	3471626Z US Equity	0.24
H	3601Z GR Equity	0.29
H	600460 CH Equity	0.32
H	6501 JP Equity	0.56
H	6645 JP Equity	0.54
H	7203 JP Equity	0.83
H	7372479Z FP Equity	0.80
H	769740Z DC Equity	0.09
H	8234 TT Equity	0.42
H	ADS GR Equity	0.01
H	AIR FP Equity	0.87
H	ASSAB SS Equity	0.35
H	BA US Equity	0.62
H	BBD/B CN Equity	0.82
H	BMW GR Equity	0.23
H	BN FP Equity	0.68
H	BOSS GR Equity	0.22
H	DAI GR Equity	0.45
H	ERICB SS Equity	0.36
H	FLEX US Equity	0.61
H	GRMN US Equity	0.05
H	HON US Equity	0.01
H	ISTONE MK Equity	0.53
H	JAMLSZ JP Equity	0.63
H	JBL US Equity	0.97
H	JNJ US Equity	0.74
H	KER FP Equity	0.07
H	LEO GR Equity	0.11
H	ML FP Equity	0.65
H	NBR US Equity	0.85
H	PRCP US Equity	0.46
H	RBOS GR Equity	0.06
H	RLL FP Equity	0.99
H	UNA NA Equity	0.17
H	VC US Equity	0.10
H	WMT US Equity	0.52
I	2524Z GR Equity	0.93
I	300102 CH Equity	0.67
I	6101 JP Equity	0.97
I	6239 TT Equity	0.51
I	6502 JP Equity	0.04
I	6721 JP Equity	0.51
I	7203 JP Equity	0.19
I	8031 JP Equity	0.26
I	9908 JP Equity	0.66
I	TXN US Equity	0.21
J	2330 TT Equity	0.29
J	005930 KS Equity	0.94
J	INTC US Equity	0.74
J	ASML NA Equity	0.64
J	AMAT US Equity	0.33
J	8035 JP Equity	0.01
J	LRCX US Equity	0.61
J	2303 TT Equity	0.43
J	7731 JP Equity	0.80
J	7751 JP Equity	0.67
J	ASM NA Equity	0.04
J	8091 TT Equity	0.78
J	3680 TT Equity	0.91
J	083550 KS Equity	0.42
J	4369 JP Equity	0.52
J	603690 CH Equity	0.23
J	7472 JP Equity	0.87
K	2330 TT Equity	0.60
K	028260 KS Equity	0.84
K	005930 KS Equity	0.94
K	0179772D KS Equity	0.30
K	4366 JP Equity	0.06
K	5347 TT Equity	0.51
K	6376 JP Equity	0.40
K	6502 JP Equity	0.78
K	7911 JP Equity	0.83
K	7912 JP Equity	0.45
K	AAPL US Equity	0.86
K	DELL US Equity	0.05
K	INTC US Equity	0.15
K	TXN US Equity	0.56
L	DAI GR Equity	0.57
L	F US Equity	0.18
L	600104 CH Equity	0.10
L	UNA NA Equity	0.62
L	GM US Equity	0.54
L	600741 CH Equity	0.71
L	4502 JP Equity	0.25
L	AIR FP Equity	0.34
L	GAZP RM Equity	0.65
L	ADS GR Equity	0.93
L	1COV GR Equity	0.83
L	FCAU US Equity	0.31
L	1211 HK Equity	0.30
L	UNVR US Equity	0.88
L	BNR GR Equity	0.28
L	1301 TT Equity	0.49
L	1963 JP Equity	0.78
L	BASF IN Equity	0.44
L	UG FP Equity	0.96
L	2330 TT Equity	0.56
L	007860 KS Equity	0.22
L	LXS GR Equity	0.93
L	175 HK Equity	0.90
L	051910 KS Equity	0.89
L	MX CN Equity	0.90
L	200625 CH Equity	0.38
L	002078 CH Equity	0.38
L	PCHEM MK Equity	0.61
L	HEN3 GR Equity	0.46
L	TPIA IJ Equity	0.34
L	200521 CH Equity	0.48
L	3013747Z SM Equity	0.34
L	002271 CH Equity	0.03
L	UNACEMC1 PE Equity	0.54
L	104480 KS Equity	0.37
L	WAIR US Equity	0.45
L	006840 KS Equity	0.04
L	300082 CH Equity	0.41
L	000100 KS Equity	0.43
L	002254 CH Equity	0.19
L	6330 JP Equity	0.36
L	002064 CH Equity	0.61
L	600170 CH Equity	0.76
L	INKP IJ Equity	0.90
L	KLBF IJ Equity	0.19
L	EPMT IJ Equity	0.81
L	EKAD IJ Equity	0.14
L	102260 KS Equity	0.09
L	601113 CH Equity	0.21
L	600143 CH Equity	0.51
L	4306 TT Equity	0.35
L	004800 KS Equity	0.58
L	4045 JP Equity	0.62
L	002643 CH Equity	0.21
L	1447 TT Equity	0.05
L	KIMBERA MM Equity	0.03
L	000949 CH Equity	0.22
L	603008 CH Equity	0.90
L	014680 KS Equity	0.48
L	000788 CH Equity	0.25
L	4114 JP Equity	0.47
L	268280 KS Equity	0.91
L	002821 CH Equity	0.87
L	600216 CH Equity	0.44
L	HLF US Equity	0.63
L	TSPC IJ Equity	0.49
L	2323 TT Equity	0.35
L	002020 CH Equity	0.01
L	900927 CH Equity	0.70
L	300342 CH Equity	0.66
L	002674 CH Equity	0.37
L	1773 TT Equity	0.84
L	002626 CH Equity	0.39
L	4997 JP Equity	0.17
L	002709 CH Equity	0.59
L	002455 CH Equity	0.40
L	107590 KS Equity	0.18
L	012860 KS Equity	0.72
L	ARA* MM Equity	0.31
L	5347 TT Equity	0.27
L	000320 KS Equity	0.16
L	002734 CH Equity	0.76
L	002602 CH Equity	0.26
L	002100 KS Equity	0.61
L	METR AR Equity	0.35
L	000860 KS Equity	0.80
L	003000 KS Equity	0.39
L	300218 CH Equity	0.86
L	300134 CH Equity	0.25
L	8071 JP Equity	0.81
L	014190 KS Equity	0.64
L	002666 CH Equity	0.86
L	1466 TT Equity	0.50
L	6509 TT Equity	0.41
L	033500 KS Equity	0.02
L	4119 TT Equity	0.87
L	4430 TT Equity	0.89
L	4706 TT Equity	0.26
L	OLED US Equity	0.60
L	1787 TT Equity	0.77
L	007590 KS Equity	0.65
L	2342 TT Equity	0.64
L	5452 TT Equity	0.51
L	298050 KS Equity	0.36
L	KZHB RU Equity	0.52
L	HWKN US Equity	0.91
L	ANASAC CI Equity	0.40
L	4722 TT Equity	0.03
L	002054 CH Equity	0.30
L	002020 KS Equity	0.73
L	AMRN US Equity	0.61
L	1776 TT Equity	0.59
L	HPJ US Equity	0.52
L	NTIC US Equity	0.72
L	300507 CH Equity	0.27
L	TCID IJ Equity	0.71
L	ADYX US Equity	0.28
L	003080 KS Equity	0.88
L	009300 KS Equity	0.42
L	078140 KS Equity	0.26
L	1726 TT Equity	0.65
L	MRAT IJ Equity	1.00
L	002584 CH Equity	0.08
L	013000 KS Equity	0.40
L	MBTO IJ Equity	0.54
L	130500 KS Equity	0.38
L	300281 CH Equity	0.26
L	1780 TT Equity	0.27
L	5233 TT Equity	0.19
L	002215 CH Equity	0.39
L	4712 TT Equity	0.60
L	PHR PW Equity	0.09
L	002840 KS Equity	0.39
L	8935 TT Equity	0.31
L	002250 CH Equity	0.20
L	0059271D US Equity	0.37
L	0209551D LX Equity	0.49
L	0935546D US Equity	0.34
L	120110 KS Equity	0.13
L	134790 KS Equity	0.20
L	144620 KS Equity	0.23
L	161890 KS Equity	1.00
L	1715 TT Equity	0.01
L	2274923Z RU Equity	0.76
L	2284161Z SW Equity	0.42
L	298020 KS Equity	0.07
L	300398 CH Equity	0.59
L	300583 CH Equity	0.53
L	300586 CH Equity	0.32
L	3376 TT Equity	0.31
L	3708 TT Equity	0.24
L	4733 TT Equity	0.14
L	4766 TT Equity	0.93
L	600500 CH Equity	0.84
L	603313 CH Equity	0.82
L	603737 CH Equity	0.16
L	6523 TT Equity	0.95
L	688019 CH Equity	0.82
L	AL IN Equity	0.14
L	ARISTOSA MM Equity	0.82
L	AXTA US Equity	0.53
L	BMW GR Equity	0.13
L	C47 VN Equity	0.92
L	DIMO SL Equity	0.75
L	FERR AR Equity	0.65
L	IFF US Equity	0.35
L	ITKG US Equity	0.40
L	JOPT JR Equity	0.44
L	NXEO US Equity	0.04
L	POCHTECB MM Equity	0.77
L	SPECTRUM IN Equity	0.69
L	SSYS US Equity	0.05
L	TTMT IN Equity	0.61
L	TTNP MK Equity	0.83
L	VPS VN Equity	0.80
M	TSE US Equity	0.15
M	PG US Equity	0.19
M	BNR GR Equity	0.46
M	2330 TT Equity	0.58
M	LOW US Equity	0.59
M	TSN US Equity	0.70
M	HUN US Equity	0.58
M	CON GR Equity	0.72
M	AKE FP Equity	0.68
M	IOCL IN Equity	0.61
M	992 HK Equity	0.20
M	HD US Equity	0.73
M	6505 TT Equity	0.37
M	SHW US Equity	0.59
M	NESN SW Equity	0.67
M	MRK US Equity	0.67
M	POL US Equity	0.16
M	AIR FP Equity	0.26
M	006400 KS Equity	0.81
M	010950 KS Equity	0.52
M	000150 KS Equity	0.18
M	ARW US Equity	0.04
M	JKS US Equity	0.33
M	KYG ID Equity	0.28
M	UNVR US Equity	0.48
M	LALAB MM Equity	0.13
M	066570 KS Equity	0.70
M	BRKM5 BZ Equity	0.74
M	CWX CN Equity	0.37
M	WMS US Equity	0.16
M	PPG US Equity	0.90
M	006840 KS Equity	0.67
M	OLN US Equity	0.69
M	5469 TT Equity	0.80
M	011070 KS Equity	0.04
M	EPMT IJ Equity	0.65
M	1301 TT Equity	0.90
M	1476 TT Equity	0.19
M	012630 KS Equity	0.16
M	1321 TT Equity	0.10
M	600500 CH Equity	0.28
M	WCC US Equity	0.26
M	1609 TT Equity	0.58
M	002380 KS Equity	0.95
M	HLF US Equity	0.93
M	900908 CH Equity	0.58
M	KLBF IJ Equity	0.30
M	6251 TT Equity	0.60
M	002812 CH Equity	0.45
M	ICBP IJ Equity	0.73
M	1717 TT Equity	0.06
M	WAIR US Equity	0.93
M	EFII US Equity	0.02
M	000860 KS Equity	0.12
M	041650 KS Equity	0.08
M	002522 CH Equity	0.17
M	2478 TT Equity	0.01
M	6443 TT Equity	0.71
M	SAP CN Equity	0.51
M	1513 TT Equity	0.47
M	DCG LN Equity	0.39
M	5452 TT Equity	0.08
M	024120 KS Equity	0.22
M	1616 TT Equity	0.51
M	NUF AU Equity	0.09
M	1323 TT Equity	0.97
M	089010 KS Equity	0.96
M	LAKE US Equity	0.52
M	ICL IT Equity	0.74
M	300172 CH Equity	0.95
M	IGAR IJ Equity	0.75
M	1787 TT Equity	0.31
M	083550 KS Equity	0.12
M	3321 TT Equity	0.22
M	5215 TT Equity	0.44
M	3624 TT Equity	0.10
M	1615 TT Equity	0.92
M	TPIA IJ Equity	0.93
M	600389 CH Equity	0.69
M	3161 JP Equity	0.49
M	6196 TT Equity	0.90
M	300216 CH Equity	0.03
M	PKE US Equity	0.86
M	LPAD US Equity	0.38
M	300281 CH Equity	0.94
M	002215 CH Equity	0.81
M	3152 TT Equity	0.50
M	067770 KS Equity	0.38
M	RGSEQ US Equity	0.12
M	8435 TT Equity	0.13
M	042520 KS Equity	0.13
M	PFNX US Equity	0.24
M	075180 KS Equity	0.33
M	4903 TT Equity	0.28
M	4430 TT Equity	0.79
M	NMGX US Equity	0.15
M	000973 CH Equity	0.56
M	4730 TT Equity	0.82
M	ASRT US Equity	0.02
M	006050 KS Equity	0.49
M	UCAR SL Equity	0.33
M	000390 KS Equity	0.80
M	000635 CH Equity	0.85
M	002061 CH Equity	0.23
M	002130 CH Equity	0.83
M	002666 CH Equity	0.09
M	002916 CH Equity	0.05
M	014190 KS Equity	0.62
M	0219834Z US Equity	0.82
M	051910 KS Equity	0.40
M	089470 KS Equity	0.55
M	1303 TT Equity	0.23
M	1434 TT Equity	0.50
M	1449 TT Equity	0.18
M	1726 TT Equity	0.48
M	1735 TT Equity	0.44
M	2070667Z LN Equity	0.93
M	2437 TT Equity	0.84
M	252500 KS Equity	0.40
M	267250 KS Equity	0.20
M	2905 TT Equity	0.92
M	300012 CH Equity	0.01
M	300247 CH Equity	0.12
M	300743 CH Equity	0.43
M	3136231Z US Equity	0.41
M	3691 TT Equity	0.89
M	4119 TT Equity	0.59
M	4706 TT Equity	0.81
M	5347 TT Equity	0.19
M	5450 TT Equity	0.09
M	600143 CH Equity	0.32
M	600328 CH Equity	0.78
M	600352 CH Equity	0.79
M	6023 JP Equity	0.32
M	6210 TT Equity	0.07
M	6254 JP Equity	0.84
M	6283 TT Equity	0.37
M	6330 JP Equity	0.05
M	8039 TT Equity	0.37
M	9917 TT Equity	0.98
M	ADYX US Equity	0.41
M	AIT US Equity	0.52
M	ALUM SL Equity	0.79
M	BIMBOA MM Equity	0.97
M	CPN US Equity	0.48
M	CTVA US Equity	0.54
M	CULTIBAB MM Equity	0.80
M	DNOW US Equity	0.11
M	HEN3 GR Equity	0.18
M	INTC US Equity	0.86
M	MEZZAN KK Equity	0.03
M	MSM US Equity	0.08
M	MUIL IN Equity	0.77
M	NACL IN Equity	0.02
M	POCHTECB MM Equity	0.91
M	RKDA US Equity	0.97
M	SEII US Equity	0.70
M	SYNN SW Equity	0.81
M	TESS US Equity	0.12
M	TTNP MK Equity	0.18
M	VASCONI* MM Equity	0.86
M	VRO CN Equity	0.73
M	XFAB FP Equity	0.12
N	2303 TT Equity	0.16
N	2330 TT Equity	0.48
N	2434 TT Equity	0.99
N	3033525Z US Equity	0.48
O	5108 JP Equity	0.74
O	4183 JP Equity	0.79
O	2330 TT Equity	0.44
O	3861 JP Equity	0.33
O	5110 JP Equity	0.51
O	7282 JP Equity	0.81
O	4042 JP Equity	0.00
O	5191 JP Equity	0.36
O	7240 JP Equity	0.83
O	5105 JP Equity	0.85
O	3865 JP Equity	0.14
O	4968 JP Equity	0.86
O	4004 JP Equity	0.07
O	073240 KS Equity	0.15
O	3863 JP Equity	0.87
O	5803 JP Equity	0.32
O	7291 JP Equity	0.77
O	4151 JP Equity	0.68
O	005720 KS Equity	1.00
O	4221 JP Equity	0.84
O	3010 TT Equity	0.90
O	ON US Equity	0.89
O	KRA US Equity	0.34
O	5161 JP Equity	0.14
O	6370 JP Equity	0.18
O	089470 KS Equity	0.72
O	5195 JP Equity	0.43
O	5192 JP Equity	1.00
O	1326 TT Equity	0.89
O	5346 TT Equity	0.80
O	4231 JP Equity	0.74
O	5121 JP Equity	0.38
O	7953 JP Equity	0.71
O	7273 JP Equity	0.89
O	6147 TT Equity	0.91
O	4960 TT Equity	0.61
O	089010 KS Equity	0.46
O	7446 JP Equity	0.84
O	4557 JP Equity	0.80
O	014200 KS Equity	0.65
O	4970 JP Equity	0.07
O	5381 JP Equity	0.83
O	011780 KS Equity	0.58
O	CHRS US Equity	0.97
O	4584 JP Equity	0.70
O	003520 KS Equity	0.29
O	005930 KS Equity	0.30
O	151910 KS Equity	0.40
O	4182 JP Equity	0.49
O	5860802Z JP Equity	0.37
O	603239 CH Equity	0.85
O	6497 TT Equity	0.35
O	8001 JP Equity	0.84
O	BCT CN Equity	0.59
O	BVG VN Equity	0.73
O	INTC US Equity	0.13
O	IVZ US Equity	0.91
O	PGNX US Equity	0.42
P	LOW US Equity	0.01
P	WMT US Equity	0.83
P	MCK US Equity	0.66
P	CVS US Equity	0.80
P	PCAR US Equity	0.87
P	HD US Equity	0.57
P	WBA US Equity	0.48
P	AIR FP Equity	0.38
P	2715 JP Equity	0.63
P	WCC US Equity	0.31
P	AD NA Equity	0.08
P	066570 KS Equity	0.56
P	HSIC US Equity	0.26
P	DG US Equity	0.69
P	TECD US Equity	0.48
P	139480 KS Equity	0.05
P	TGT US Equity	0.03
P	AVT US Equity	0.89
P	COST US Equity	0.77
P	051910 KS Equity	0.24
P	CA FP Equity	0.18
P	SNX US Equity	0.85
P	RAD US Equity	0.57
P	2760 JP Equity	0.32
P	WES AU Equity	0.69
P	AMZN US Equity	0.95
P	SCSC US Equity	0.71
P	MYL US Equity	0.61
P	PCAR3 BZ Equity	0.69
P	ARW US Equity	0.46
P	SPLS US Equity	0.26
P	1828 HK Equity	0.22
P	WAIR US Equity	0.56
P	7420 JP Equity	0.63
P	VRTV US Equity	0.81
P	CO FP Equity	0.04
P	AAPL US Equity	0.06
P	HPQ US Equity	0.56
P	NSIT US Equity	0.08
P	267 HK Equity	0.99
P	CNXN US Equity	0.25
P	AXE US Equity	0.32
P	COLR BB Equity	0.03
P	BBBY US Equity	0.99
P	FALAB CI Equity	0.86
P	KGF LN Equity	0.62
P	600869 CH Equity	0.01
P	2330 TT Equity	0.67
P	6176 TT Equity	0.11
P	PCMI US Equity	0.18
P	KIMBERA MM Equity	0.36
P	MSM US Equity	0.11
P	MTAG MK Equity	0.24
P	DUST SS Equity	0.81
P	BA US Equity	0.71
P	MRC US Equity	0.19
P	FAST US Equity	0.96
P	DNOW US Equity	0.07
P	KAEF IJ Equity	0.96
P	NAV US Equity	0.66
P	8454 TT Equity	0.08
P	KLBF IJ Equity	0.02
P	2376 TT Equity	0.15
P	2634 TT Equity	0.52
P	PLUS US Equity	0.94
P	3504 TT Equity	0.81
P	6120 TT Equity	0.93
P	066970 KS Equity	0.75
P	WJX CN Equity	0.95
P	004710 KS Equity	0.79
P	9827 JP Equity	0.48
P	ACES IJ Equity	0.60
P	861 HK Equity	0.63
P	021240 KS Equity	0.71
P	9830 JP Equity	0.44
P	3604 JP Equity	0.55
P	RELL US Equity	0.05
P	6118 TT Equity	0.37
P	6254 JP Equity	0.26
P	052330 KS Equity	0.53
P	002876 CH Equity	1.00
P	300602 CH Equity	0.18
P	3633 TT Equity	0.37
P	ARH SJ Equity	0.93
P	RDUS US Equity	0.86
P	1788 TT Equity	0.43
P	6511 TT Equity	0.11
P	300390 CH Equity	0.39
P	6246 TT Equity	0.63
P	8183 TT Equity	0.99
P	0219834Z US Equity	0.34
P	0244620Z US Equity	0.69
P	0244744Z US Equity	0.12
P	144620 KS Equity	0.35
P	1449 TT Equity	0.37
P	1460 TT Equity	0.52
P	27083MF US Equity	0.18
P	3507 TT Equity	0.07
P	4153 TT Equity	0.94
P	493 HK Equity	0.10
P	4935 TT Equity	0.24
P	5314 TT Equity	0.56
P	5434 TT Equity	0.59
P	600363 CH Equity	0.93
P	8070 TT Equity	0.40
P	AIT US Equity	0.15
P	BC8 GR Equity	0.74
P	GPC US Equity	0.70
P	HPE US Equity	0.79
P	JSMR IJ Equity	0.23
P	KLXI US Equity	0.10
P	MDRX US Equity	0.93
P	TAGA PP Equity	0.30
P	TESS US Equity	0.41
P	TEVA IT Equity	0.92
P	TRIL IJ Equity	0.68
P	WNC US Equity	0.21
P	WNDT IN Equity	0.82
Q	INTC US Equity	0.12
Q	005930 KS Equity	0.42
Q	2330 TT Equity	0.20
Q	000660 KS Equity	0.40
Q	MU US Equity	0.28
Q	WDC US Equity	0.23
Q	TXN US Equity	0.91
Q	2303 TT Equity	0.00
Q	ON US Equity	0.96
Q	6502 JP Equity	0.73
Q	981 HK Equity	0.16
Q	MCHP US Equity	0.06
Q	6196 TT Equity	0.61
Q	1347 HK Equity	0.82
Q	5347 TT Equity	0.16
Q	102710 KS Equity	0.24
Q	3033525Z US Equity	0.32
Q	6414 TT Equity	0.92
Q	8031 JP Equity	0.53
Q	FHBUTZ CH Equity	0.89
Q	HHSLZ CH Equity	0.80
Q	HUGHOZ CH Equity	0.74
R	8053 JP Equity	0.61
R	010950 KS Equity	0.01
R	005930 KS Equity	0.54
R	8098 JP Equity	0.57
R	2330 TT Equity	0.06
R	5110 JP Equity	0.25
R	AAPL US Equity	0.17
R	NUF AU Equity	0.21
R	000703 CH Equity	0.17
R	5802 JP Equity	0.27
R	PTTGC TB Equity	0.68
R	5401 JP Equity	0.67
R	011070 KS Equity	0.13
R	7256 JP Equity	0.25
R	5713 JP Equity	0.72
R	2409 TT Equity	0.56
R	4401 JP Equity	0.44
R	4008 JP Equity	0.40
R	4185 JP Equity	0.13
R	4114 JP Equity	0.73
R	TRST IJ Equity	0.44
R	5202 JP Equity	0.03
R	CPIN IJ Equity	0.29
R	5351 JP Equity	0.77
R	5232 JP Equity	0.46
R	4367 JP Equity	0.25
R	NOVN SW Equity	0.33
R	4912 JP Equity	0.07
R	8158 JP Equity	0.59
R	3864 JP Equity	0.57
R	000050 CH Equity	0.05
R	1301 TT Equity	0.02
R	4403 JP Equity	0.07
R	4306 TT Equity	0.55
R	1319 TT Equity	0.74
R	6239 TT Equity	0.57
R	4113 JP Equity	0.60
R	007590 KS Equity	0.34
R	1447 TT Equity	0.52
R	4506 JP Equity	0.32
R	4996 JP Equity	0.79
R	4555 JP Equity	0.24
R	4985 JP Equity	0.05
R	025860 KS Equity	0.47
R	4221 JP Equity	0.85
R	3388 TT Equity	0.50
R	4615 JP Equity	0.61
R	1434 TT Equity	0.61
R	3010 TT Equity	0.29
R	5214 JP Equity	0.99
R	7291 JP Equity	0.85
R	3553 JP Equity	0.02
R	4528 JP Equity	0.31
R	603010 CH Equity	0.44
R	4231 JP Equity	1.00
R	200413 CH Equity	0.95
R	KLBF IJ Equity	0.25
R	8285 JP Equity	0.47
R	EPMT IJ Equity	0.77
R	7871 JP Equity	0.98
R	4275 JP Equity	0.82
R	4998 JP Equity	0.70
R	1376 JP Equity	0.83
R	4992 JP Equity	0.85
R	4581 JP Equity	0.88
R	3569 JP Equity	0.21
R	036540 KS Equity	0.66
R	000990 KS Equity	0.25
R	4203 JP Equity	0.53
R	8240 TT Equity	0.09
R	8069 TT Equity	0.56
R	3577 JP Equity	0.85
R	8110 TT Equity	0.36
R	1787 JP Equity	0.55
R	4935 TT Equity	0.54
R	4027 JP Equity	0.10
R	002100 KS Equity	0.19
R	6073 JP Equity	0.38
R	4995 JP Equity	0.84
R	4706 TT Equity	0.67
R	6127 TT Equity	0.91
R	8086 TT Equity	0.25
R	001550 KS Equity	0.48
R	BRWN SL Equity	0.45
R	600401 CH Equity	0.00
R	003080 KS Equity	0.75
R	7950 JP Equity	0.27
R	PETROR AB Equity	0.16
R	002575 CH Equity	0.28
R	1044Z TB Equity	0.90
R	1326 TT Equity	0.76
R	2502 JP Equity	0.52
R	3880 JP Equity	0.00
R	4215 JP Equity	0.63
R	4366 JP Equity	0.74
R	4406 JP Equity	0.44
R	4629 JP Equity	0.74
R	5932 JP Equity	0.54
R	7781824Z JP Equity	0.17
R	7897 JP Equity	0.01
R	7917 JP Equity	0.74
R	799035Z US Equity	0.35
R	8129 JP Equity	0.53
R	9531 JP Equity	0.45
R	9987 JP Equity	0.51
R	ANASAC CI Equity	0.19
R	EXCC IN Equity	0.01
R	TSE US Equity	0.54
S	CEC GR Equity	0.11
S	3019 TT Equity	0.61
S	076610 KS Equity	0.40
S	225190 KS Equity	0.95
S	2338 TT Equity	0.83
S	2345 JP Equity	0.99
S	2450 TT Equity	0.54
S	3362 TT Equity	0.19
S	3363 TT Equity	0.64
S	3441 TT Equity	0.06
S	3504 TT Equity	0.91
S	5312 TT Equity	0.96
S	600500 CH Equity	0.79
S	6209 TT Equity	0.55
S	PFGBQ US Equity	0.18
S	XFAB FP Equity	0.05
T	2330 TT Equity	0.37
T	INTC US Equity	0.41
T	TXN US Equity	0.11
U	2330 TT Equity	0.81
U	INTC US Equity	0.10
U	7269 JP Equity	0.50
U	5434 TT Equity	0.39
U	7203 JP Equity	0.82
U	8155 JP Equity	0.65
U	SOI FP Equity	0.17
U	3388 TT Equity	0.06
U	8053 JP Equity	0.72
U	6752 JP Equity	0.67
U	ARW US Equity	0.16
U	4204 JP Equity	0.49
U	2303 TT Equity	0.71
U	7970 JP Equity	0.51
U	4188 JP Equity	0.20
U	4901 JP Equity	0.93
U	8031 JP Equity	0.94
U	011070 KS Equity	0.57
U	4202 JP Equity	0.73
U	4206 JP Equity	0.69
U	6501 JP Equity	0.52
U	7911 JP Equity	0.95
U	7912 JP Equity	0.57
U	6503 JP Equity	0.90
U	4956 JP Equity	0.25
U	002380 KS Equity	0.23
U	6239 TT Equity	0.11
U	017900 KS Equity	0.83
U	ON US Equity	0.80
U	7240 JP Equity	0.51
U	4220 JP Equity	0.08
U	4091 JP Equity	0.43
U	4186 JP Equity	0.67
U	6707 JP Equity	0.64
U	4043 JP Equity	0.14
U	2408 TT Equity	0.04
U	8036 JP Equity	0.01
U	6504 JP Equity	0.64
U	4911 JP Equity	0.67
U	4272 JP Equity	0.32
U	TWEKA NA Equity	0.99
U	3106 JP Equity	0.24
U	4231 JP Equity	0.29
U	5347 TT Equity	0.87
U	5122 JP Equity	0.82
U	000500 KS Equity	0.23
U	000990 KS Equity	0.48
U	5142 JP Equity	0.01
U	4403 JP Equity	0.84
U	093920 KS Equity	0.05
U	8150 TT Equity	0.95
U	MPMQ US Equity	0.77
U	2502 JP Equity	0.39
U	4987 JP Equity	0.02
U	8071 JP Equity	0.84
U	7826 JP Equity	0.04
U	4957 JP Equity	0.32
U	001820 KS Equity	0.47
U	2340 TT Equity	0.19
U	7871 JP Equity	0.43
U	6326 JP Equity	0.78
U	4568 JP Equity	0.46
U	600210 CH Equity	0.89
U	TECH PM Equity	0.83
U	9301 JP Equity	0.24
U	6287 TT Equity	0.99
U	4992 JP Equity	0.55
U	014190 KS Equity	0.04
U	ALDO IJ Equity	0.06
U	4738 TT Equity	0.04
U	7741 JP Equity	0.79
U	4187 JP Equity	0.30
U	4730 TT Equity	0.99
U	MICE IJ Equity	0.78
U	4571 JP Equity	0.48
U	002459 CH Equity	0.19
U	005930 KS Equity	0.52
U	0186370D JP Equity	0.74
U	0187687D JP Equity	0.40
U	031310 KS Equity	0.57
U	101490 KS Equity	0.44
U	1272274D JP Equity	0.29
U	1801 JP Equity	0.41
U	1802 JP Equity	1.00
U	1803 JP Equity	0.03
U	1812 JP Equity	0.44
U	2281 JP Equity	0.53
U	2296 JP Equity	0.73
U	2729 JP Equity	0.27
U	3101 JP Equity	0.46
U	3941 JP Equity	0.72
U	4005 JP Equity	0.38
U	4088 JP Equity	0.12
U	4203 JP Equity	0.36
U	4212 JP Equity	0.18
U	4249 JP Equity	0.58
U	4275 JP Equity	0.80
U	4528 JP Equity	0.63
U	4631 JP Equity	0.48
U	5108 JP Equity	0.48
U	5737997Z JP Equity	0.60
U	5811709Z JP Equity	0.97
U	5901 JP Equity	0.07
U	6646244Z JP Equity	0.38
U	6762 JP Equity	0.37
U	6844 JP Equity	0.30
U	6971 JP Equity	0.24
U	6981 JP Equity	0.23
U	7287 JP Equity	0.96
U	7781848Z JP Equity	0.22
U	7898017Z JP Equity	0.47
U	7908289Z JP Equity	0.63
U	7931493Z JP Equity	0.37
U	7942606Z JP Equity	0.96
U	7994 JP Equity	0.30
U	8001 JP Equity	0.04
U	8030486Z JP Equity	0.17
U	8050 JP Equity	0.05
U	8058 JP Equity	0.96
U	8179 JP Equity	0.97
U	9201 JP Equity	0.10
U	9202 JP Equity	0.44
U	AAPL US Equity	0.39
U	DELL US Equity	0.20
U	DIXIEZ JP Equity	0.23
U	GE US Equity	0.35
U	HANAMZ JP Equity	0.99
U	MMM US Equity	0.23
U	NEWJQZ JP Equity	0.65
U	SANKOZ JP Equity	0.24
U	SHIKKZ JP Equity	0.91
U	TAKEZ JP Equity	0.60
U	XFAB FP Equity	0.11
V	8053 JP Equity	0.74
V	005930 KS Equity	0.38
V	INTC US Equity	0.33
V	2330 TT Equity	0.63
V	000660 KS Equity	0.41
V	MU US Equity	0.44
V	6502 JP Equity	0.91
V	QCOM US Equity	0.61
V	6758 JP Equity	0.36
V	AVGO US Equity	0.90
V	IFX GR Equity	0.01
V	TXN US Equity	0.49
V	NXPI US Equity	0.71
V	2303 TT Equity	0.73
V	6723 JP Equity	0.68
V	ON US Equity	0.66
V	3532 TT Equity	0.18
V	6753 JP Equity	0.66
V	981 HK Equity	0.17
V	STM IM Equity	0.45
V	6503 JP Equity	0.92
V	5346 TT Equity	0.25
V	1347 HK Equity	0.19
V	5347 TT Equity	0.61
V	SOI FP Equity	0.65
V	6844 JP Equity	0.83
V	5305 TT Equity	0.44
V	4923 TT Equity	0.68
V	2337 TT Equity	0.69
V	5401 JP Equity	0.67
V	5726 JP Equity	0.88
V	FSINGZ CH Equity	0.79
V	STAJSZ CH Equity	0.93
V	XFAB FP Equity	0.30
W	2330 TT Equity	0.34
W	005930 KS Equity	0.04
W	000660 KS Equity	0.69
W	INTC US Equity	0.83
W	IFX GR Equity	0.34
W	MU US Equity	0.72
W	STM IM Equity	0.44
W	6758 JP Equity	0.11
W	TXN US Equity	0.78
W	2303 TT Equity	0.86
W	6502 JP Equity	0.93
W	NXPI US Equity	0.85
W	6723 JP Equity	0.68
W	ON US Equity	0.54
W	981 HK Equity	0.04
W	6503 JP Equity	0.09
W	6963 JP Equity	0.93
W	TSEM IT Equity	0.65
W	5346 TT Equity	0.39
W	1347 HK Equity	0.88
W	5347 TT Equity	0.83
W	XFAB FP Equity	0.27
W	WCH GR Equity	0.44
W	3707 TT Equity	0.24
W	3317 TT Equity	0.88
W	6287 TT Equity	0.46
W	1572804D NA Equity	0.90
W	1745136D JP Equity	0.99
W	3033525Z US Equity	0.29
W	7011 JP Equity	0.64
W	RBOS GR Equity	0.69
X	005930 KS Equity	0.86
X	2330 TT Equity	0.69
X	INTC US Equity	0.26
X	RBOS GR Equity	0.89
X	MU US Equity	0.53
X	981 HK Equity	0.18
X	6753 JP Equity	0.21
X	2303 TT Equity	0.40
X	6501 JP Equity	0.32
X	6503 JP Equity	0.47
X	ABBN SW Equity	0.71
X	IBM US Equity	0.54
X	TXN US Equity	0.68
X	6758 JP Equity	0.06
X	6752 JP Equity	0.08
X	ON US Equity	0.27
X	STM IM Equity	0.08
X	6502 JP Equity	0.72
X	IFX GR Equity	0.48
X	1347 HK Equity	0.59
X	2337 TT Equity	0.48
X	601766 CH Equity	0.55
X	NXPI US Equity	0.32
X	6723 JP Equity	0.53
X	6504 JP Equity	0.27
X	6702 JP Equity	0.93
X	VSH US Equity	0.51
X	MCHP US Equity	0.27
X	6963 JP Equity	0.36
X	5347 TT Equity	0.80
X	CY US Equity	0.93
X	3010 TT Equity	0.84
X	DIOD US Equity	0.17
X	MXIM US Equity	0.79
X	6707 JP Equity	0.37
X	TSEM IT Equity	0.29
X	6844 JP Equity	0.82
X	6287 TT Equity	0.92
X	4923 TT Equity	0.03
X	3033525Z US Equity	0.46
X	4944 TT Equity	0.42
X	5243251Z SM Equity	0.06
X	5346 TT Equity	0.99
X	5483 TT Equity	0.23
X	6125 TT Equity	0.89
X	8255 TT Equity	0.90
X	ADI US Equity	1.00
X	SOI FP Equity	0.06
X	XFA GR Equity	0.54
Y	000660 KS Equity	0.45
Y	005930 KS Equity	0.48
Y	032640 KS Equity	0.49
Y	066570 KS Equity	0.56